asdsd,ddsf
asdsd,ddsf
asdsd,ddsf
asdsd,ddsf
asdsd,ddsf
asdsd,ddsf
asdsd,ddsf
asdsd,ddsf
asdsd,ddsf
asdsd,ddsf
asdsd,ddsf
asdsd,ddsf
asdsd,ddsf
asdsd,ddsf
asdsd,ddsf
asdsd,ddsf
asdsd,ddsf
asdsd,ddsf
asdsd,ddsf
asdsd,ddsf
asdsd,ddsf
asdsd,ddsf
asdsd,ddsf
asdsd,ddsf
asdsd,ddsf
asdsd,ddsf
asdsd,ddsf
asdsd,ddsf
asdsd,ddsf
asdsd,ddsf
asdsd,ddsf
asdsd,ddsf
asdsd,ddsf
asdsd,ddsf
asdsd,ddsf
asdsd,ddsf
asdsd,ddsf
asdsd,ddsf
asdsd,ddsf
asdsd,ddsf
asdsd,ddsf
asdsd,ddsf
asdsd,ddsf
asdsd,ddsf
asdsd,ddsf
asdsd,ddsf
asdsd,ddsf
asdsd,ddsf
asdsd,ddsf
asdsd,ddsf
asdsd,ddsf
asdsd,ddsf
asdsd,ddsf
asdsd,ddsf
